estimator,N,T,true_value,mean,sd,rmse
POLS,50,4,.6,1.258332048669573,.1165414381305169,.6685627882720492
POLS,200,6,.6,1.264345263448086,.0547790596738439,.6665987351695964
POLS,500,10,.6,1.264893581899323,.0324117359994414,.6656827099949846
RE,50,4,.6,.7183417957633179,.0613721196898553,.1333020421270864
RE,200,6,.6,.7061212572896998,.0257398125452316,.1091967396148975
RE,500,10,.6,.7019615418517314,.0141295337502682,.1029354162681537
FE,50,4,.6,.5987049271838631,.0504799540862391,.0504839465782929
FE,200,6,.6,.600120684883478,.0215216097046204,.0215165670960751
FE,500,10,.6,.6000370541902201,.0109141678013669,.010911501835101
